[{
  "_id": {
    "$oid": "6007663ab73e0f1aa1cc8ee7"
  },
  "id": 1,
  "author": "camulonus",
  "title": "Articolo",
  "body": "Tutto bene?",
  "timestamp": "2021-01-20 00:07:38.654",
  "num_likes": 90,
  "num_dislikes": 15,
  "num_comments": 100,
  "games": [
    "Stoff-Memo Baustelle",
    "Remember Limerick! The War of the Two Kings: Ireland, 1689-1691"
  ]
},{
  "_id": {
    "$oid": "60076640b73e0f1aa1cc8ee8"
  },
  "id": 3,
  "author": "gcech",
  "title": "Abbiamo provato il gioco",
  "body": "Ci siete?",
  "timestamp": "2021-01-20 00:07:44.188",
  "num_likes": 97,
  "num_dislikes": 34,
  "num_comments": 100,
  "games": [
    "Cuckoo's Nest",
    "Dit Coin Coin !"
  ]
},{
  "_id": {
    "$oid": "60076646b73e0f1aa1cc8ee9"
  },
  "id": 5,
  "author": "mrdissing",
  "title": "Scontro tra titani",
  "body": "Ah davvero",
  "timestamp": "2021-01-20 00:07:50.287",
  "num_likes": 95,
  "num_dislikes": 27,
  "num_comments": 100,
  "games": [
    "Jumbolino",
    "Rheinländer"
  ]
},{
  "_id": {
    "$oid": "6007664cb73e0f1aa1cc8eea"
  },
  "id": 7,
  "author": "intim",
  "title": "Articolino",
  "body": "Che fate?",
  "timestamp": "2021-01-20 00:07:56.423",
  "num_likes": 98,
  "num_dislikes": 2,
  "num_comments": 100,
  "games": [
    "Stop spot!",
    "Orcs in the Hood"
  ]
},{
  "_id": {
    "$oid": "60076652b73e0f1aa1cc8eeb"
  },
  "id": 9,
  "author": "jennifer0923",
  "title": "Abbiamo provato il gioco",
  "body": "Post",
  "timestamp": "2021-01-20 00:08:02.179",
  "num_likes": 29,
  "num_dislikes": 38,
  "num_comments": 100,
  "games": [
    "Armada Beginner's Box",
    "Das Jahr des Kometen"
  ]
},{
  "_id": {
    "$oid": "60076656b73e0f1aa1cc8eec"
  },
  "id": 11,
  "author": "spikestarkey",
  "title": "Scontro tra titani",
  "body": "Ci siete?",
  "timestamp": "2021-01-20 00:08:06.44",
  "num_likes": 53,
  "num_dislikes": 42,
  "num_comments": 100,
  "games": [
    "A Matter of Honor",
    "Ligretto Kids"
  ]
},{
  "_id": {
    "$oid": "6007665bb73e0f1aa1cc8eed"
  },
  "id": 13,
  "author": "stroge",
  "title": "Sapete che..",
  "body": "Ah incredibile",
  "timestamp": "2021-01-20 00:08:11.49",
  "num_likes": 19,
  "num_dislikes": 11,
  "num_comments": 100,
  "games": [
    "Drachenjäger von Xorlosch",
    "Das Schicksal der Könige"
  ]
},{
  "_id": {
    "$oid": "6007665eb73e0f1aa1cc8eee"
  },
  "id": 15,
  "author": "adamhap",
  "title": "Che articolo",
  "body": "Ah davvero",
  "timestamp": "2021-01-20 00:08:14.869",
  "num_likes": 87,
  "num_dislikes": 19,
  "num_comments": 100,
  "games": [
    "Book Collectors",
    "Cottontail and Peter"
  ]
},{
  "_id": {
    "$oid": "60076664b73e0f1aa1cc8eef"
  },
  "id": 17,
  "author": "john rogers",
  "title": "Titolo",
  "body": "Post",
  "timestamp": "2021-01-20 00:08:20.216",
  "num_likes": 24,
  "num_dislikes": 60,
  "num_comments": 100,
  "games": [
    "Derivation",
    "Game Drive"
  ]
},{
  "_id": {
    "$oid": "60076668b73e0f1aa1cc8ef0"
  },
  "id": 19,
  "author": "laerthes",
  "title": "Articolone",
  "body": "Sono ioo",
  "timestamp": "2021-01-20 00:08:24.694",
  "num_likes": 80,
  "num_dislikes": 18,
  "num_comments": 100,
  "games": [
    "Rolit Junior",
    "Gridiron Dice"
  ]
},{
  "_id": {
    "$oid": "6007666db73e0f1aa1cc8ef1"
  },
  "id": 21,
  "author": "grottygrotto",
  "title": "Abbiamo provato il gioco",
  "body": "Che fate?",
  "timestamp": "2021-01-20 00:08:29.745",
  "num_likes": 31,
  "num_dislikes": 14,
  "num_comments": 100,
  "games": [
    "Viceroy",
    "Sandmann, lieber Sandmann!"
  ]
},{
  "_id": {
    "$oid": "60076671b73e0f1aa1cc8ef2"
  },
  "id": 23,
  "author": "rsasda",
  "title": "Confrontro tra i due",
  "body": "Ah incredibile",
  "timestamp": "2021-01-20 00:08:33.408",
  "num_likes": 35,
  "num_dislikes": 63,
  "num_comments": 100,
  "games": [
    "Im Zeichen des Widders",
    "Stop Thief!"
  ]
},{
  "_id": {
    "$oid": "60076676b73e0f1aa1cc8ef3"
  },
  "id": 25,
  "author": "bert8freudenkinder",
  "title": "Confrontro tra i due",
  "body": "Tutto bene?",
  "timestamp": "2021-01-20 00:08:38.556",
  "num_likes": 9,
  "num_dislikes": 32,
  "num_comments": 100,
  "games": [
    "Die Hütte im Höllental",
    "Charges Antiques et Médiévales"
  ]
},{
  "_id": {
    "$oid": "6007667ab73e0f1aa1cc8ef4"
  },
  "id": 27,
  "author": "grottygrotto",
  "title": "Che ne pensate?",
  "body": "Che fate?",
  "timestamp": "2021-01-20 00:08:42.109",
  "num_likes": 44,
  "num_dislikes": 33,
  "num_comments": 100,
  "games": [
    "Pink Elephant",
    "Gone Flippin'"
  ]
},{
  "_id": {
    "$oid": "6007667eb73e0f1aa1cc8ef5"
  },
  "id": 29,
  "author": "bodandrage",
  "title": "Confrontro tra i due",
  "body": "Ah davvero",
  "timestamp": "2021-01-20 00:08:46.533",
  "num_likes": 93,
  "num_dislikes": 25,
  "num_comments": 100,
  "games": [
    "Istanbul: Brief & Siegel",
    "Schwimmende Inseln"
  ]
},{
  "_id": {
    "$oid": "60076683b73e0f1aa1cc8ef6"
  },
  "id": 31,
  "author": "rsasda",
  "title": "Abbiamo provato il gioco",
  "body": "Ah incredibile",
  "timestamp": "2021-01-20 00:08:51.725",
  "num_likes": 42,
  "num_dislikes": 17,
  "num_comments": 100,
  "games": [
    "Mots Cochons",
    "Over There: Miniatures Rules for warfare 1900 to 1929"
  ]
},{
  "_id": {
    "$oid": "60076687b73e0f1aa1cc8ef7"
  },
  "id": 33,
  "author": "xevixan",
  "title": "Che articolo",
  "body": "Ci siete?",
  "timestamp": "2021-01-20 00:08:55.507",
  "num_likes": 36,
  "num_dislikes": 54,
  "num_comments": 100,
  "games": [
    "Asante",
    "Conscious: A Voyage to the Mystic Realms"
  ]
},{
  "_id": {
    "$oid": "6007668db73e0f1aa1cc8ef8"
  },
  "id": 35,
  "author": "kingpirux",
  "title": "Titolo",
  "body": "Ah davvero",
  "timestamp": "2021-01-20 00:09:01.007",
  "num_likes": 31,
  "num_dislikes": 44,
  "num_comments": 100,
  "games": [
    "Kult Card Game",
    "Lunar 5000"
  ]
},{
  "_id": {
    "$oid": "60076691b73e0f1aa1cc8ef9"
  },
  "id": 37,
  "author": "darkpimpa",
  "title": "Articolino",
  "body": "Ah incredibile",
  "timestamp": "2021-01-20 00:09:05.214",
  "num_likes": 87,
  "num_dislikes": 17,
  "num_comments": 100,
  "games": [
    "Grenzeloos",
    "(Your name here) of the Jungle"
  ]
},{
  "_id": {
    "$oid": "60076696b73e0f1aa1cc8efa"
  },
  "id": 39,
  "author": "rsasda",
  "title": "Articolino",
  "body": "Ah incredibile",
  "timestamp": "2021-01-20 00:09:10.236",
  "num_likes": 23,
  "num_dislikes": 37,
  "num_comments": 100,
  "games": [
    "Hungry Troll And The Gobbos",
    "Wanted Earth"
  ]
},{
  "_id": {
    "$oid": "6007669ab73e0f1aa1cc8efb"
  },
  "id": 41,
  "author": "marianovl123",
  "title": "Articolo",
  "body": "Tutto bene?",
  "timestamp": "2021-01-20 00:09:14.215",
  "num_likes": 72,
  "num_dislikes": 35,
  "num_comments": 100,
  "games": [
    "Glückdynastie",
    "Troja"
  ]
},{
  "_id": {
    "$oid": "6007669fb73e0f1aa1cc8efc"
  },
  "id": 43,
  "author": "maciver",
  "title": "Articolo",
  "body": "Che fate?",
  "timestamp": "2021-01-20 00:09:19.263",
  "num_likes": 98,
  "num_dislikes": 66,
  "num_comments": 100,
  "games": [
    "Haunted: Get Scared to Death...Repeatedly!",
    "World War II: the Card Game"
  ]
},{
  "_id": {
    "$oid": "600766a5b73e0f1aa1cc8efd"
  },
  "id": 45,
  "author": "stefant",
  "title": "Confrontro tra i due",
  "body": "Ah incredibile",
  "timestamp": "2021-01-20 00:09:25.566",
  "num_likes": 75,
  "num_dislikes": 52,
  "num_comments": 100,
  "games": [
    "Codenames Undercover",
    "Cryptyc"
  ]
},{
  "_id": {
    "$oid": "600766abb73e0f1aa1cc8efe"
  },
  "id": 47,
  "author": "jessiekettner",
  "title": "Che articolo",
  "body": "Ci siete?",
  "timestamp": "2021-01-20 00:09:31.16",
  "num_likes": 42,
  "num_dislikes": 64,
  "num_comments": 100,
  "games": [
    "Der Grüffelo: Das große Schattenspiel",
    "Subterfuge"
  ]
},{
  "_id": {
    "$oid": "600766b0b73e0f1aa1cc8eff"
  },
  "id": 49,
  "author": "ramblurr",
  "title": "Confrontro tra i due",
  "body": "Che fate?",
  "timestamp": "2021-01-20 00:09:36.211",
  "num_likes": 75,
  "num_dislikes": 62,
  "num_comments": 100,
  "games": [
    "Book of Lists Game",
    "Im Wald da sind die Räuber"
  ]
},{
  "_id": {
    "$oid": "600766b6b73e0f1aa1cc8f00"
  },
  "id": 51,
  "author": "christopherdias",
  "title": "Articolo",
  "body": "Che fate?",
  "timestamp": "2021-01-20 00:09:42.012",
  "num_likes": 16,
  "num_dislikes": 35,
  "num_comments": 100,
  "games": [
    "Wollmilchsau",
    "Shitty Questions"
  ]
},{
  "_id": {
    "$oid": "600766b9b73e0f1aa1cc8f01"
  },
  "id": 53,
  "author": "delloscm04",
  "title": "Articolino",
  "body": "Ah incredibile",
  "timestamp": "2021-01-20 00:09:45.54",
  "num_likes": 69,
  "num_dislikes": 29,
  "num_comments": 100,
  "games": [
    "Happy Birthday Party Game",
    "Revenge"
  ]
},{
  "_id": {
    "$oid": "600766beb73e0f1aa1cc8f02"
  },
  "id": 55,
  "author": "unplugged",
  "title": "Articolone",
  "body": "Ci siete?",
  "timestamp": "2021-01-20 00:09:50.412",
  "num_likes": 44,
  "num_dislikes": 47,
  "num_comments": 100,
  "games": [
    "Marais Poitevin Cube",
    "Schneewittchen Memo Menu"
  ]
},{
  "_id": {
    "$oid": "600766c2b73e0f1aa1cc8f03"
  },
  "id": 57,
  "author": "seigram",
  "title": "Articolino",
  "body": "Ah incredibile",
  "timestamp": "2021-01-20 00:09:54.997",
  "num_likes": 15,
  "num_dislikes": 34,
  "num_comments": 100,
  "games": [
    "Dice Chasers",
    "Die Box"
  ]
},{
  "_id": {
    "$oid": "600766c7b73e0f1aa1cc8f04"
  },
  "id": 59,
  "author": "tonyhulkgamer",
  "title": "Articolone",
  "body": "Tutto bene?",
  "timestamp": "2021-01-20 00:09:59.001",
  "num_likes": 83,
  "num_dislikes": 24,
  "num_comments": 100,
  "games": [
    "In A Bind Jr",
    "Aufladen bis zum Kippen"
  ]
},{
  "_id": {
    "$oid": "600766ccb73e0f1aa1cc8f05"
  },
  "id": 61,
  "author": "daniel_ms",
  "title": "Titolo",
  "body": "Ah incredibile",
  "timestamp": "2021-01-20 00:10:04.348",
  "num_likes": 69,
  "num_dislikes": 14,
  "num_comments": 100,
  "games": [
    "Pommes & Co.",
    "Explore the 50 States"
  ]
},{
  "_id": {
    "$oid": "600766d0b73e0f1aa1cc8f06"
  },
  "id": 63,
  "author": "ramblurr",
  "title": "Articolo",
  "body": "Ci siete?",
  "timestamp": "2021-01-20 00:10:08.883",
  "num_likes": 11,
  "num_dislikes": 13,
  "num_comments": 100,
  "games": [
    "Operation Mercury",
    "Paper Football"
  ]
},{
  "_id": {
    "$oid": "600766d3b73e0f1aa1cc8f07"
  },
  "id": 65,
  "author": "piroc ivanovich",
  "title": "Confrontro tra i due",
  "body": "Post",
  "timestamp": "2021-01-20 00:10:11.913",
  "num_likes": 6,
  "num_dislikes": 36,
  "num_comments": 100,
  "games": [
    "Spruit",
    "Space Infantry Resurgence Core Rules"
  ]
},{
  "_id": {
    "$oid": "600766d7b73e0f1aa1cc8f08"
  },
  "id": 67,
  "author": "jazzuu",
  "title": "Che articolo",
  "body": "Post",
  "timestamp": "2021-01-20 00:10:15.545",
  "num_likes": 69,
  "num_dislikes": 27,
  "num_comments": 100,
  "games": [
    "Portland-opoly",
    "Le Tour de France des Petits Chauffeurs"
  ]
},{
  "_id": {
    "$oid": "600766dcb73e0f1aa1cc8f09"
  },
  "id": 69,
  "author": "mryeti",
  "title": "Che articolo",
  "body": "Che fate?",
  "timestamp": "2021-01-20 00:10:20.624",
  "num_likes": 85,
  "num_dislikes": 20,
  "num_comments": 100,
  "games": [
    "Zombie Teenz Evolution",
    "Kingdom Death: Monster"
  ]
},{
  "_id": {
    "$oid": "600766e1b73e0f1aa1cc8f0a"
  },
  "id": 71,
  "author": "mdlore",
  "title": "Sapete che..",
  "body": "Tutto bene?",
  "timestamp": "2021-01-20 00:10:25.808",
  "num_likes": 23,
  "num_dislikes": 26,
  "num_comments": 100,
  "games": [
    "3-Wide",
    "Zambezy"
  ]
},{
  "_id": {
    "$oid": "600766e5b73e0f1aa1cc8f0b"
  },
  "id": 73,
  "author": "mdlore",
  "title": "Scontro tra titani",
  "body": "Che fate?",
  "timestamp": "2021-01-20 00:10:29.431",
  "num_likes": 32,
  "num_dislikes": 69,
  "num_comments": 100,
  "games": [
    "Zèrtz",
    "Shopping"
  ]
},{
  "_id": {
    "$oid": "600766eab73e0f1aa1cc8f0c"
  },
  "id": 75,
  "author": "bumblebee85",
  "title": "Scontro tra titani",
  "body": "Che fate?",
  "timestamp": "2021-01-20 00:10:34.356",
  "num_likes": 27,
  "num_dislikes": 62,
  "num_comments": 100,
  "games": [
    "Wolfsspuren",
    "The Blue Sea Deck"
  ]
},{
  "_id": {
    "$oid": "600766efb73e0f1aa1cc8f0d"
  },
  "id": 77,
  "author": "frozenpandaman",
  "title": "Che articolo",
  "body": "Post",
  "timestamp": "2021-01-20 00:10:39.574",
  "num_likes": 12,
  "num_dislikes": 50,
  "num_comments": 100,
  "games": [
    "Bad Lands: Curse of the Skinwalker",
    "BlueGetaway: Longing for Summer"
  ]
},{
  "_id": {
    "$oid": "600766f3b73e0f1aa1cc8f0e"
  },
  "id": 79,
  "author": "kalister13",
  "title": "Che idea ma quale idea",
  "body": "Post",
  "timestamp": "2021-01-20 00:10:43.509",
  "num_likes": 95,
  "num_dislikes": 23,
  "num_comments": 100,
  "games": [
    "Los Tesoros del Rey Pirata",
    "Lucky Five"
  ]
},{
  "_id": {
    "$oid": "600766f8b73e0f1aa1cc8f0f"
  },
  "id": 81,
  "author": "ramblurr",
  "title": "Articolino",
  "body": "Che fate?",
  "timestamp": "2021-01-20 00:10:48.803",
  "num_likes": 79,
  "num_dislikes": 15,
  "num_comments": 100,
  "games": [
    "Asterion",
    "King of the West"
  ]
},{
  "_id": {
    "$oid": "600766fdb73e0f1aa1cc8f10"
  },
  "id": 83,
  "author": "roguedog67",
  "title": "Scontro tra titani",
  "body": "Ci siete?",
  "timestamp": "2021-01-20 00:10:53.558",
  "num_likes": 64,
  "num_dislikes": 64,
  "num_comments": 100,
  "games": [
    "Augustus",
    "MasterSweets"
  ]
},{
  "_id": {
    "$oid": "60076703b73e0f1aa1cc8f11"
  },
  "id": 85,
  "author": "sebilbo63",
  "title": "Articolone",
  "body": "Tutto bene?",
  "timestamp": "2021-01-20 00:10:59.479",
  "num_likes": 73,
  "num_dislikes": 27,
  "num_comments": 100,
  "games": [
    "Heir to the Throne",
    "20 Questions"
  ]
},{
  "_id": {
    "$oid": "60076708b73e0f1aa1cc8f12"
  },
  "id": 87,
  "author": "piroc ivanovich",
  "title": "Articolo",
  "body": "Sono ioo",
  "timestamp": "2021-01-20 00:11:04.427",
  "num_likes": 23,
  "num_dislikes": 4,
  "num_comments": 100,
  "games": [
    "Jeu Du President",
    "Schatzkisten stapeln"
  ]
},{
  "_id": {
    "$oid": "6007670bb73e0f1aa1cc8f13"
  },
  "id": 89,
  "author": "ystk",
  "title": "Sapete che..",
  "body": "Tutto bene?",
  "timestamp": "2021-01-20 00:11:07.51",
  "num_likes": 38,
  "num_dislikes": 66,
  "num_comments": 100,
  "games": [
    "National Geographic Memory",
    "Fabelsaft"
  ]
},{
  "_id": {
    "$oid": "60076710b73e0f1aa1cc8f14"
  },
  "id": 91,
  "author": "mrchigger",
  "title": "Articolino",
  "body": "Che fate?",
  "timestamp": "2021-01-20 00:11:12.561",
  "num_likes": 5,
  "num_dislikes": 36,
  "num_comments": 100,
  "games": [
    "Seconds",
    "Monopoly: Atletico Madrid"
  ]
},{
  "_id": {
    "$oid": "60076714b73e0f1aa1cc8f15"
  },
  "id": 93,
  "author": "cranbrew",
  "title": "Articolo",
  "body": "Ci siete?",
  "timestamp": "2021-01-20 00:11:16.185",
  "num_likes": 31,
  "num_dislikes": 20,
  "num_comments": 100,
  "games": [
    "Monopoly: Godzilla Monster Edition",
    "Armadöra"
  ]
},{
  "_id": {
    "$oid": "60076718b73e0f1aa1cc8f16"
  },
  "id": 95,
  "author": "scotthekking",
  "title": "Che articolo",
  "body": "Post",
  "timestamp": "2021-01-20 00:11:20.159",
  "num_likes": 8,
  "num_dislikes": 29,
  "num_comments": 100,
  "games": [
    "Immortal Warriors",
    "Warcraft - Expansion Set"
  ]
},{
  "_id": {
    "$oid": "6007671bb73e0f1aa1cc8f17"
  },
  "id": 97,
  "author": "jaysachs",
  "title": "Che idea ma quale idea",
  "body": "Ah incredibile",
  "timestamp": "2021-01-20 00:11:23.486",
  "num_likes": 37,
  "num_dislikes": 22,
  "num_comments": 100,
  "games": [
    "Urians Höllenfahrt",
    "Arbos Kartensatz"
  ]
},{
  "_id": {
    "$oid": "6007671fb73e0f1aa1cc8f18"
  },
  "id": 99,
  "author": "mdlore",
  "title": "Scontro tra titani",
  "body": "Ah incredibile",
  "timestamp": "2021-01-20 00:11:27.371",
  "num_likes": 17,
  "num_dislikes": 23,
  "num_comments": 100,
  "games": [
    "Tatort Hochzeitstorte - Der Tote im Schiedersee",
    "Launch & Iterate"
  ]
},{
  "_id": {
    "$oid": "60076722b73e0f1aa1cc8f19"
  },
  "id": 101,
  "author": "till engel",
  "title": "",
  "body": "Ah davvero",
  "timestamp": "2021-01-20 00:11:30.737",
  "num_likes": 98,
  "num_dislikes": 65,
  "num_comments": 100,
  "games": [
    "Wald der Wölfe",
    "Pete the Cat: Big Lunch Card Game"
  ]
},{
  "_id": {
    "$oid": "60076729b73e0f1aa1cc8f1a"
  },
  "id": 103,
  "author": "adamhap",
  "title": "Confrontro tra i due",
  "body": "Ah incredibile",
  "timestamp": "2021-01-20 00:11:37.458",
  "num_likes": 2,
  "num_dislikes": 40,
  "num_comments": 100,
  "games": [
    "The Cities and Kings of Catan: 5 and 6 Players Expansion",
    "88 Stop"
  ]
},{
  "_id": {
    "$oid": "6007672cb73e0f1aa1cc8f1b"
  },
  "id": 105,
  "author": "daniel_ms",
  "title": "Abbiamo provato il gioco",
  "body": "Che fate?",
  "timestamp": "2021-01-20 00:11:40.951",
  "num_likes": 48,
  "num_dislikes": 58,
  "num_comments": 100,
  "games": [
    "Trouble Catch",
    "Super Race"
  ]
},{
  "_id": {
    "$oid": "60076731b73e0f1aa1cc8f1c"
  },
  "id": 107,
  "author": "fchevillon",
  "title": "Che articolo",
  "body": "Ci siete?",
  "timestamp": "2021-01-20 00:11:45.995",
  "num_likes": 15,
  "num_dislikes": 5,
  "num_comments": 100,
  "games": [
    "Aquarium",
    "Tzolk’in"
  ]
},{
  "_id": {
    "$oid": "60076734b73e0f1aa1cc8f1d"
  },
  "id": 109,
  "author": "boardtodice",
  "title": "Articolino",
  "body": "Tutto bene?",
  "timestamp": "2021-01-20 00:11:48.922",
  "num_likes": 37,
  "num_dislikes": 18,
  "num_comments": 100,
  "games": [
    "Zoid Battle",
    "Summer of Rock"
  ]
},{
  "_id": {
    "$oid": "60076738b73e0f1aa1cc8f1e"
  },
  "id": 111,
  "author": "arimarima",
  "title": "Articolone",
  "body": "Ah davvero",
  "timestamp": "2021-01-20 00:11:52.794",
  "num_likes": 79,
  "num_dislikes": 36,
  "num_comments": 100,
  "games": [
    "Jungle Joust",
    "Teddy Hedz"
  ]
},{
  "_id": {
    "$oid": "6007673eb73e0f1aa1cc8f1f"
  },
  "id": 113,
  "author": "laerthes",
  "title": "Abbiamo provato il gioco",
  "body": "Che fate?",
  "timestamp": "2021-01-20 00:11:58.369",
  "num_likes": 50,
  "num_dislikes": 19,
  "num_comments": 100,
  "games": [
    "Go Extinct!",
    "Slam Wars: Wrestling Legends of Michigan"
  ]
},{
  "_id": {
    "$oid": "60076742b73e0f1aa1cc8f20"
  },
  "id": 115,
  "author": "blockhappy",
  "title": "Che ne pensate?",
  "body": "Sono ioo",
  "timestamp": "2021-01-20 00:12:02.514",
  "num_likes": 33,
  "num_dislikes": 68,
  "num_comments": 100,
  "games": [
    "Tjörn-Monopol",
    "Adora-Bull Dog-Pile"
  ]
},{
  "_id": {
    "$oid": "60076747b73e0f1aa1cc8f21"
  },
  "id": 117,
  "author": "till engel",
  "title": "Confrontro tra i due",
  "body": "Ci siete?",
  "timestamp": "2021-01-20 00:12:07.472",
  "num_likes": 9,
  "num_dislikes": 50,
  "num_comments": 100,
  "games": [
    "Kasparov vs Short",
    "Kunoichi ni Chikai"
  ]
},{
  "_id": {
    "$oid": "6007674bb73e0f1aa1cc8f22"
  },
  "id": 119,
  "author": "catcherscard",
  "title": "Abbiamo provato il gioco",
  "body": "Sono ioo",
  "timestamp": "2021-01-20 00:12:11.378",
  "num_likes": 19,
  "num_dislikes": 67,
  "num_comments": 100,
  "games": [
    "Azteka",
    "Qwirkle Erweiterung 2"
  ]
},{
  "_id": {
    "$oid": "6007674fb73e0f1aa1cc8f23"
  },
  "id": 121,
  "author": "liangk",
  "title": "Sapete che..",
  "body": "Ah incredibile",
  "timestamp": "2021-01-20 00:12:15.986",
  "num_likes": 50,
  "num_dislikes": 41,
  "num_comments": 100,
  "games": [
    "A Murder Most Fowl: Bloody Plumage",
    "Stop and Go!"
  ]
},{
  "_id": {
    "$oid": "60076755b73e0f1aa1cc8f24"
  },
  "id": 123,
  "author": "belleaim",
  "title": "Che articolo",
  "body": "Che fate?",
  "timestamp": "2021-01-20 00:12:21.192",
  "num_likes": 3,
  "num_dislikes": 33,
  "num_comments": 100,
  "games": [
    "Pocket Apache: A Micro-game with Mega-Explosions",
    "Batman Miniature Game: The Flash and Arrow"
  ]
},{
  "_id": {
    "$oid": "60076758b73e0f1aa1cc8f25"
  },
  "id": 125,
  "author": "mryeti",
  "title": "Sapete che..",
  "body": "Che fate?",
  "timestamp": "2021-01-20 00:12:24.668",
  "num_likes": 49,
  "num_dislikes": 70,
  "num_comments": 100,
  "games": [
    "Lost Worlds: \"Daniel\" the Pirate",
    "Cybercon"
  ]
},{
  "_id": {
    "$oid": "6007675eb73e0f1aa1cc8f26"
  },
  "id": 127,
  "author": "favela606",
  "title": "Articolino",
  "body": "Che fate?",
  "timestamp": "2021-01-20 00:12:30.047",
  "num_likes": 22,
  "num_dislikes": 8,
  "num_comments": 100,
  "games": [
    "Luftikus & Sausewind",
    "Yacht"
  ]
},{
  "_id": {
    "$oid": "60076761b73e0f1aa1cc8f27"
  },
  "id": 129,
  "author": "boardtodice",
  "title": "Che articolo",
  "body": "Sono ioo",
  "timestamp": "2021-01-20 00:12:33.209",
  "num_likes": 12,
  "num_dislikes": 38,
  "num_comments": 100,
  "games": [
    "Kurai-Anat - Das schwarze Herz",
    "Territories"
  ]
},{
  "_id": {
    "$oid": "60076765b73e0f1aa1cc8f28"
  },
  "id": 131,
  "author": "skyenikko",
  "title": "Scontro tra titani",
  "body": "Sono ioo",
  "timestamp": "2021-01-20 00:12:37.031",
  "num_likes": 75,
  "num_dislikes": 47,
  "num_comments": 100,
  "games": [
    "Singapur",
    "Wo ist das Gehirn?"
  ]
},{
  "_id": {
    "$oid": "6007676ab73e0f1aa1cc8f29"
  },
  "id": 133,
  "author": "usagi_visk",
  "title": "",
  "body": "Tutto bene?",
  "timestamp": "2021-01-20 00:12:42.815",
  "num_likes": 71,
  "num_dislikes": 29,
  "num_comments": 100,
  "games": [
    "Zebulon",
    "Tenshō karuta"
  ]
},{
  "_id": {
    "$oid": "6007676fb73e0f1aa1cc8f2a"
  },
  "id": 135,
  "author": "spikestarkey",
  "title": "Che articolo",
  "body": "Post",
  "timestamp": "2021-01-20 00:12:47.844",
  "num_likes": 30,
  "num_dislikes": 66,
  "num_comments": 100,
  "games": [
    "Bang! The Bullet!",
    "Crown the Unicorn"
  ]
},{
  "_id": {
    "$oid": "60076774b73e0f1aa1cc8f2b"
  },
  "id": 137,
  "author": "boshia",
  "title": "Che idea ma quale idea",
  "body": "Ah davvero",
  "timestamp": "2021-01-20 00:12:52.734",
  "num_likes": 96,
  "num_dislikes": 25,
  "num_comments": 100,
  "games": [
    "Bigbep Hockey",
    "Convoy Terror"
  ]
},{
  "_id": {
    "$oid": "6007677ab73e0f1aa1cc8f2c"
  },
  "id": 139,
  "author": "jo_98",
  "title": "",
  "body": "Ah davvero",
  "timestamp": "2021-01-20 00:12:58.556",
  "num_likes": 88,
  "num_dislikes": 15,
  "num_comments": 100,
  "games": [
    "Monaco Grand Prix Formula 1",
    "Skagway"
  ]
},{
  "_id": {
    "$oid": "6007677fb73e0f1aa1cc8f2d"
  },
  "id": 141,
  "author": "goleen83",
  "title": "",
  "body": "Sono ioo",
  "timestamp": "2021-01-20 00:13:03.638",
  "num_likes": 28,
  "num_dislikes": 15,
  "num_comments": 100,
  "games": [
    "Mein buntes Türmchen-Spiel",
    "Peter Pan Adventure Board Game"
  ]
},{
  "_id": {
    "$oid": "60076783b73e0f1aa1cc8f2e"
  },
  "id": 143,
  "author": "accomman",
  "title": "Titolo",
  "body": "Ci siete?",
  "timestamp": "2021-01-20 00:13:07.289",
  "num_likes": 45,
  "num_dislikes": 47,
  "num_comments": 100,
  "games": [
    "Qubix",
    "Kopfball"
  ]
},{
  "_id": {
    "$oid": "60076788b73e0f1aa1cc8f2f"
  },
  "id": 145,
  "author": "martymagnificent",
  "title": "",
  "body": "Ah davvero",
  "timestamp": "2021-01-20 00:13:12.071",
  "num_likes": 91,
  "num_dislikes": 20,
  "num_comments": 100,
  "games": [
    "Indian Ocean Region: South China Sea – Vol. II",
    "Mishima"
  ]
},{
  "_id": {
    "$oid": "6007678db73e0f1aa1cc8f30"
  },
  "id": 147,
  "author": "csrghost",
  "title": "Confrontro tra i due",
  "body": "Tutto bene?",
  "timestamp": "2021-01-20 00:13:17.71",
  "num_likes": 6,
  "num_dislikes": 48,
  "num_comments": 100,
  "games": [
    "Two Stacks",
    "Infamy, Infamy!"
  ]
},{
  "_id": {
    "$oid": "60076791b73e0f1aa1cc8f31"
  },
  "id": 149,
  "author": "azaron",
  "title": "Abbiamo provato il gioco",
  "body": "Ci siete?",
  "timestamp": "2021-01-20 00:13:21.556",
  "num_likes": 9,
  "num_dislikes": 44,
  "num_comments": 100,
  "games": [
    "Ruthless 86",
    "Care Bears -- On the Path to Care-a-Lot"
  ]
},{
  "_id": {
    "$oid": "60076795b73e0f1aa1cc8f32"
  },
  "id": 151,
  "author": "lagaffe",
  "title": "Che articolo",
  "body": "Post",
  "timestamp": "2021-01-20 00:13:25.241",
  "num_likes": 52,
  "num_dislikes": 10,
  "num_comments": 100,
  "games": [
    "Doomtrooper: Mortificator",
    "Final Order"
  ]
},{
  "_id": {
    "$oid": "60076799b73e0f1aa1cc8f33"
  },
  "id": 153,
  "author": "jokastrength",
  "title": "",
  "body": "Post",
  "timestamp": "2021-01-20 00:13:29.001",
  "num_likes": 34,
  "num_dislikes": 54,
  "num_comments": 100,
  "games": [
    "Tarot Erotica",
    "VeggieTales VeggieQuest Board Game"
  ]
},{
  "_id": {
    "$oid": "6007679db73e0f1aa1cc8f34"
  },
  "id": 155,
  "author": "mrchigger",
  "title": "Che articolo",
  "body": "Post",
  "timestamp": "2021-01-20 00:13:33.423",
  "num_likes": 31,
  "num_dislikes": 23,
  "num_comments": 100,
  "games": [
    "Uuups",
    "Inspiration"
  ]
},{
  "_id": {
    "$oid": "600767a1b73e0f1aa1cc8f35"
  },
  "id": 157,
  "author": "echodelta",
  "title": "Abbiamo provato il gioco",
  "body": "Tutto bene?",
  "timestamp": "2021-01-20 00:13:37.498",
  "num_likes": 63,
  "num_dislikes": 28,
  "num_comments": 100,
  "games": [
    "Air Aces",
    "Epic Tales"
  ]
},{
  "_id": {
    "$oid": "600767a6b73e0f1aa1cc8f36"
  },
  "id": 159,
  "author": "seigram",
  "title": "Titolo",
  "body": "Tutto bene?",
  "timestamp": "2021-01-20 00:13:42.128",
  "num_likes": 89,
  "num_dislikes": 22,
  "num_comments": 100,
  "games": [
    "Cardcassonne",
    "The Roskilde Festival Dice Game"
  ]
},{
  "_id": {
    "$oid": "600767abb73e0f1aa1cc8f37"
  },
  "id": 161,
  "author": "boshia",
  "title": "Titolo",
  "body": "Ah incredibile",
  "timestamp": "2021-01-20 00:13:47.065",
  "num_likes": 12,
  "num_dislikes": 20,
  "num_comments": 100,
  "games": [
    "I'm the Boss",
    "Dragon Market"
  ]
},{
  "_id": {
    "$oid": "600767aeb73e0f1aa1cc8f38"
  },
  "id": 163,
  "author": "bert8freudenkinder",
  "title": "Articolo",
  "body": "Ci siete?",
  "timestamp": "2021-01-20 00:13:50.196",
  "num_likes": 37,
  "num_dislikes": 31,
  "num_comments": 100,
  "games": [
    "Tangoes Tiere",
    "Match Me! What color is this?"
  ]
},{
  "_id": {
    "$oid": "600767b2b73e0f1aa1cc8f39"
  },
  "id": 165,
  "author": "martymagnificent",
  "title": "Abbiamo provato il gioco",
  "body": "Post",
  "timestamp": "2021-01-20 00:13:54.209",
  "num_likes": 14,
  "num_dislikes": 46,
  "num_comments": 100,
  "games": [
    "Jetset Casino",
    "Mago Magino"
  ]
},{
  "_id": {
    "$oid": "600767b6b73e0f1aa1cc8f3a"
  },
  "id": 167,
  "author": "jessiekettner",
  "title": "Articolo",
  "body": "Sono ioo",
  "timestamp": "2021-01-20 00:13:58.195",
  "num_likes": 57,
  "num_dislikes": 12,
  "num_comments": 100,
  "games": [
    "Dwellings of Eldervale",
    "Fields of Battle Volume 1, The Great Northern War"
  ]
},{
  "_id": {
    "$oid": "600767bab73e0f1aa1cc8f3b"
  },
  "id": 169,
  "author": "rsasda",
  "title": "Abbiamo provato il gioco",
  "body": "Ci siete?",
  "timestamp": "2021-01-20 00:14:02.145",
  "num_likes": 80,
  "num_dislikes": 19,
  "num_comments": 100,
  "games": [
    "21 Letters",
    "Politair"
  ]
},{
  "_id": {
    "$oid": "600767beb73e0f1aa1cc8f3c"
  },
  "id": 171,
  "author": "rentonbrax",
  "title": "Titolo",
  "body": "Ci siete?",
  "timestamp": "2021-01-20 00:14:06.797",
  "num_likes": 20,
  "num_dislikes": 68,
  "num_comments": 100,
  "games": [
    "The Day After Tomorrow",
    "Gangster, Gun Molls & G-Men"
  ]
},{
  "_id": {
    "$oid": "600767c3b73e0f1aa1cc8f3d"
  },
  "id": 173,
  "author": "jo_98",
  "title": "Che articolo",
  "body": "Ci siete?",
  "timestamp": "2021-01-20 00:14:11.281",
  "num_likes": 90,
  "num_dislikes": 43,
  "num_comments": 100,
  "games": [
    "Pile-Up Rush",
    "Peloponnes"
  ]
},{
  "_id": {
    "$oid": "600767c9b73e0f1aa1cc8f3e"
  },
  "id": 175,
  "author": "intim",
  "title": "Che articolo",
  "body": "Tutto bene?",
  "timestamp": "2021-01-20 00:14:17.021",
  "num_likes": 99,
  "num_dislikes": 19,
  "num_comments": 100,
  "games": [
    "The Amanda Knox Board Game",
    "Shadowrun - Emergenz"
  ]
},{
  "_id": {
    "$oid": "600767ceb73e0f1aa1cc8f3f"
  },
  "id": 177,
  "author": "physys",
  "title": "Che idea ma quale idea",
  "body": "Ci siete?",
  "timestamp": "2021-01-20 00:14:22.226",
  "num_likes": 96,
  "num_dislikes": 13,
  "num_comments": 100,
  "games": [
    "Was ist los auf dem Bauernhof?",
    "Sumo Magazine"
  ]
},{
  "_id": {
    "$oid": "600767d3b73e0f1aa1cc8f40"
  },
  "id": 179,
  "author": "jgspain",
  "title": "Scontro tra titani",
  "body": "Ah incredibile",
  "timestamp": "2021-01-20 00:14:27.195",
  "num_likes": 25,
  "num_dislikes": 66,
  "num_comments": 100,
  "games": [
    "Thunderstone Advance - Verfluchte Höhlen",
    "T-Coincé"
  ]
},{
  "_id": {
    "$oid": "600767d7b73e0f1aa1cc8f41"
  },
  "id": 181,
  "author": "hatori1181",
  "title": "Articolo",
  "body": "Ci siete?",
  "timestamp": "2021-01-20 00:14:31.708",
  "num_likes": 96,
  "num_dislikes": 31,
  "num_comments": 100,
  "games": [
    "Lapitta, the island in the sky",
    "Hyperslide"
  ]
},{
  "_id": {
    "$oid": "600767ddb73e0f1aa1cc8f42"
  },
  "id": 183,
  "author": "jokastrength",
  "title": "",
  "body": "Tutto bene?",
  "timestamp": "2021-01-20 00:14:37.326",
  "num_likes": 13,
  "num_dislikes": 22,
  "num_comments": 100,
  "games": [
    "Monopoly: Boston Celtics Collector's Edition",
    "Einfach Genial Knobelspaß"
  ]
},{
  "_id": {
    "$oid": "600767e0b73e0f1aa1cc8f43"
  },
  "id": 185,
  "author": "stacialawareness",
  "title": "Titolo",
  "body": "Ah davvero",
  "timestamp": "2021-01-20 00:14:40.684",
  "num_likes": 28,
  "num_dislikes": 62,
  "num_comments": 100,
  "games": [
    "Mensch, tipp richtig!",
    "Line Out: Five Nations 93"
  ]
},{
  "_id": {
    "$oid": "600767e5b73e0f1aa1cc8f44"
  },
  "id": 187,
  "author": "jessiekettner",
  "title": "",
  "body": "Che fate?",
  "timestamp": "2021-01-20 00:14:45.129",
  "num_likes": 10,
  "num_dislikes": 45,
  "num_comments": 100,
  "games": [
    "Kürruf: en busqueda del abejorro chileno",
    "Monopoly: Hello Kitty Collector's Edition"
  ]
},{
  "_id": {
    "$oid": "600767e8b73e0f1aa1cc8f45"
  },
  "id": 189,
  "author": "darthjedi",
  "title": "",
  "body": "Ci siete?",
  "timestamp": "2021-01-20 00:14:48.786",
  "num_likes": 17,
  "num_dislikes": 16,
  "num_comments": 100,
  "games": [
    "Railroad Ink: Blazing Red Edition",
    "Lingo Twist"
  ]
},{
  "_id": {
    "$oid": "600767ebb73e0f1aa1cc8f46"
  },
  "id": 191,
  "author": "mrchigger",
  "title": "Articolone",
  "body": "Sono ioo",
  "timestamp": "2021-01-20 00:14:51.954",
  "num_likes": 64,
  "num_dislikes": 5,
  "num_comments": 100,
  "games": [
    "GoGetter: Katz & Maus",
    "Spiel des Jahres"
  ]
},{
  "_id": {
    "$oid": "600767f0b73e0f1aa1cc8f47"
  },
  "id": 193,
  "author": "goleen83",
  "title": "Articolone",
  "body": "Sono ioo",
  "timestamp": "2021-01-20 00:14:56.015",
  "num_likes": 55,
  "num_dislikes": 70,
  "num_comments": 100,
  "games": [
    "Gecko Ballett",
    "Iconoclash"
  ]
},{
  "_id": {
    "$oid": "600767f5b73e0f1aa1cc8f48"
  },
  "id": 195,
  "author": "ltcolmhs",
  "title": "Articolo",
  "body": "Post",
  "timestamp": "2021-01-20 00:15:01.654",
  "num_likes": 17,
  "num_dislikes": 36,
  "num_comments": 100,
  "games": [
    "Mage Wars: Das Duell der Magier",
    "Brändi Colorado"
  ]
},{
  "_id": {
    "$oid": "600767f9b73e0f1aa1cc8f49"
  },
  "id": 197,
  "author": "rentonbrax",
  "title": "",
  "body": "Ci siete?",
  "timestamp": "2021-01-20 00:15:05.259",
  "num_likes": 73,
  "num_dislikes": 18,
  "num_comments": 100,
  "games": [
    "Slick!",
    "Galactic Domination"
  ]
},{
  "_id": {
    "$oid": "600767fdb73e0f1aa1cc8f4a"
  },
  "id": 199,
  "author": "paracelso_dra",
  "title": "Che idea ma quale idea",
  "body": "Sono ioo",
  "timestamp": "2021-01-20 00:15:09.755",
  "num_likes": 58,
  "num_dislikes": 27,
  "num_comments": 100,
  "games": [
    "Bop It Beats",
    "Finsterland - Handbuch der Technologie"
  ]
},{
  "_id": {
    "$oid": "60076802b73e0f1aa1cc8f4b"
  },
  "id": 201,
  "author": "mrdissing",
  "title": "Articolino",
  "body": "Sono ioo",
  "timestamp": "2021-01-20 00:15:14.123",
  "num_likes": 56,
  "num_dislikes": 60,
  "num_comments": 100,
  "games": [
    "Dead Things: The Zombie Boardgame (Third Edition)",
    "Cthulhu Wars"
  ]
},{
  "_id": {
    "$oid": "60076807b73e0f1aa1cc8f4c"
  },
  "id": 203,
  "author": "xahfar",
  "title": "Scontro tra titani",
  "body": "Ci siete?",
  "timestamp": "2021-01-20 00:15:19.421",
  "num_likes": 6,
  "num_dislikes": 52,
  "num_comments": 100,
  "games": [
    "Teddy's Colors & Shapes",
    "Anime Saga"
  ]
},{
  "_id": {
    "$oid": "6007680bb73e0f1aa1cc8f4d"
  },
  "id": 205,
  "author": "daniel_ms",
  "title": "Che articolo",
  "body": "Tutto bene?",
  "timestamp": "2021-01-20 00:15:23.138",
  "num_likes": 41,
  "num_dislikes": 48,
  "num_comments": 100,
  "games": [
    "Towers",
    "Ascension – Sturm der Seelen"
  ]
},{
  "_id": {
    "$oid": "6007680fb73e0f1aa1cc8f4e"
  },
  "id": 207,
  "author": "gruulz",
  "title": "Articolo",
  "body": "Tutto bene?",
  "timestamp": "2021-01-20 00:15:27.613",
  "num_likes": 39,
  "num_dislikes": 39,
  "num_comments": 100,
  "games": [
    "Starcade",
    "Wiz War Expansion Set #2"
  ]
},{
  "_id": {
    "$oid": "60076813b73e0f1aa1cc8f4f"
  },
  "id": 209,
  "author": "red__rose",
  "title": "Articolone",
  "body": "Post",
  "timestamp": "2021-01-20 00:15:31.854",
  "num_likes": 46,
  "num_dislikes": 20,
  "num_comments": 100,
  "games": [
    "Yoohoo, Can You Moo?",
    "Volgende Patient"
  ]
},{
  "_id": {
    "$oid": "60076817b73e0f1aa1cc8f50"
  },
  "id": 211,
  "author": "gdevse",
  "title": "Articolo",
  "body": "Ci siete?",
  "timestamp": "2021-01-20 00:15:35.732",
  "num_likes": 86,
  "num_dislikes": 60,
  "num_comments": 100,
  "games": [
    "Müll-Party",
    "They Died For Glory"
  ]
},{
  "_id": {
    "$oid": "6007681db73e0f1aa1cc8f51"
  },
  "id": 213,
  "author": "ontalexandr",
  "title": "Scontro tra titani",
  "body": "Post",
  "timestamp": "2021-01-20 00:15:41.761",
  "num_likes": 76,
  "num_dislikes": 48,
  "num_comments": 100,
  "games": [
    "Canon: The Card Game – Old Testament Pseudepigrapha Deck",
    "King's Gate"
  ]
},{
  "_id": {
    "$oid": "60076823b73e0f1aa1cc8f52"
  },
  "id": 215,
  "author": "bodandrage",
  "title": "Articolo",
  "body": "Ah incredibile",
  "timestamp": "2021-01-20 00:15:47.061",
  "num_likes": 45,
  "num_dislikes": 60,
  "num_comments": 100,
  "games": [
    "Hexenrennen",
    "Eastwall"
  ]
},{
  "_id": {
    "$oid": "60076827b73e0f1aa1cc8f53"
  },
  "id": 217,
  "author": "davidbatmen",
  "title": "Confrontro tra i due",
  "body": "Sono ioo",
  "timestamp": "2021-01-20 00:15:51.952",
  "num_likes": 16,
  "num_dislikes": 59,
  "num_comments": 100,
  "games": [
    "At Villers Cottérêts",
    "エルタイルズ (L-tiles)"
  ]
},{
  "_id": {
    "$oid": "6007682cb73e0f1aa1cc8f54"
  },
  "id": 219,
  "author": "lootinglacie",
  "title": "",
  "body": "Post",
  "timestamp": "2021-01-20 00:15:56.111",
  "num_likes": 69,
  "num_dislikes": 56,
  "num_comments": 100,
  "games": [
    "Monopoly: The Godfather – Collector's Edition",
    "Nonpoint"
  ]
},{
  "_id": {
    "$oid": "60076831b73e0f1aa1cc8f55"
  },
  "id": 221,
  "author": "frozenpandaman",
  "title": "Che articolo",
  "body": "Ah incredibile",
  "timestamp": "2021-01-20 00:16:01.819",
  "num_likes": 92,
  "num_dislikes": 8,
  "num_comments": 100,
  "games": [
    "Dragon Caster",
    "Siege of Verdan"
  ]
},{
  "_id": {
    "$oid": "60076836b73e0f1aa1cc8f56"
  },
  "id": 223,
  "author": "cubedrone",
  "title": "Che ne pensate?",
  "body": "Che fate?",
  "timestamp": "2021-01-20 00:16:06.537",
  "num_likes": 62,
  "num_dislikes": 23,
  "num_comments": 100,
  "games": [
    "Moly Diggins",
    "Archimago"
  ]
},{
  "_id": {
    "$oid": "6007683ab73e0f1aa1cc8f57"
  },
  "id": 225,
  "author": "cubedrone",
  "title": "Che idea ma quale idea",
  "body": "Che fate?",
  "timestamp": "2021-01-20 00:16:10.918",
  "num_likes": 73,
  "num_dislikes": 45,
  "num_comments": 100,
  "games": [
    "MIDGARD - Die Meister von Feuer und Stein (Ergänzungsband)",
    "Dishonor Among Thieves"
  ]
},{
  "_id": {
    "$oid": "60076840b73e0f1aa1cc8f58"
  },
  "id": 227,
  "author": "kingpirux",
  "title": "Articolo",
  "body": "Ah incredibile",
  "timestamp": "2021-01-20 00:16:16.089",
  "num_likes": 86,
  "num_dislikes": 46,
  "num_comments": 100,
  "games": [
    "The Great Mouse Hunt",
    "Star Patrol Micro"
  ]
},{
  "_id": {
    "$oid": "60076845b73e0f1aa1cc8f59"
  },
  "id": 229,
  "author": "platinum blues",
  "title": "Articolo",
  "body": "Ah incredibile",
  "timestamp": "2021-01-20 00:16:21.74",
  "num_likes": 56,
  "num_dislikes": 44,
  "num_comments": 100,
  "games": [
    "Die Träume der Kinder",
    "Copycat"
  ]
},{
  "_id": {
    "$oid": "6007684ab73e0f1aa1cc8f5a"
  },
  "id": 231,
  "author": "rosalunae",
  "title": "Che idea ma quale idea",
  "body": "Ah davvero",
  "timestamp": "2021-01-20 00:16:26.521",
  "num_likes": 17,
  "num_dislikes": 27,
  "num_comments": 100,
  "games": [
    "Tangled Trails",
    "The Movie Misquote Game"
  ]
},{
  "_id": {
    "$oid": "6007684db73e0f1aa1cc8f5b"
  },
  "id": 233,
  "author": "jtong77",
  "title": "Articolo",
  "body": "Che fate?",
  "timestamp": "2021-01-20 00:16:29.908",
  "num_likes": 62,
  "num_dislikes": 46,
  "num_comments": 100,
  "games": [
    "Star Trek Scrabble",
    "Lee vs. Meade"
  ]
},{
  "_id": {
    "$oid": "60076852b73e0f1aa1cc8f5c"
  },
  "id": 235,
  "author": "markie816",
  "title": "Abbiamo provato il gioco",
  "body": "Tutto bene?",
  "timestamp": "2021-01-20 00:16:34.83",
  "num_likes": 100,
  "num_dislikes": 62,
  "num_comments": 100,
  "games": [
    "Dune",
    "Gin-A-Word"
  ]
},{
  "_id": {
    "$oid": "60076859b73e0f1aa1cc8f5d"
  },
  "id": 237,
  "author": "physys",
  "title": "Scontro tra titani",
  "body": "Ci siete?",
  "timestamp": "2021-01-20 00:16:41.273",
  "num_likes": 3,
  "num_dislikes": 26,
  "num_comments": 100,
  "games": [
    "Einfach Genial – Das Würfelspiel",
    "The Age of Dante: Montaperti and Campaldino"
  ]
},{
  "_id": {
    "$oid": "6007685cb73e0f1aa1cc8f5e"
  },
  "id": 239,
  "author": "wildcatje82",
  "title": "Abbiamo provato il gioco",
  "body": "Che fate?",
  "timestamp": "2021-01-20 00:16:44.32",
  "num_likes": 9,
  "num_dislikes": 45,
  "num_comments": 100,
  "games": [
    "BUNGEE",
    "Bridges of Budapest"
  ]
},{
  "_id": {
    "$oid": "6007685fb73e0f1aa1cc8f5f"
  },
  "id": 241,
  "author": "detter1",
  "title": "Che idea ma quale idea",
  "body": "Post",
  "timestamp": "2021-01-20 00:16:47.982",
  "num_likes": 10,
  "num_dislikes": 62,
  "num_comments": 100,
  "games": [
    "Barrow Builders",
    "Dragon Rage"
  ]
},{
  "_id": {
    "$oid": "60076864b73e0f1aa1cc8f60"
  },
  "id": 243,
  "author": "hsatcher",
  "title": "Che articolo",
  "body": "Ah incredibile",
  "timestamp": "2021-01-20 00:16:52.081",
  "num_likes": 75,
  "num_dislikes": 32,
  "num_comments": 100,
  "games": [
    "Traffic USA",
    "Kraby"
  ]
},{
  "_id": {
    "$oid": "60076869b73e0f1aa1cc8f61"
  },
  "id": 245,
  "author": "darkpimpa",
  "title": "Confrontro tra i due",
  "body": "Ah incredibile",
  "timestamp": "2021-01-20 00:16:57.195",
  "num_likes": 71,
  "num_dislikes": 1,
  "num_comments": 100,
  "games": [
    "King of Tokyo/New York: Monster Pack - Anubis",
    "Fruit Frenzy"
  ]
},{
  "_id": {
    "$oid": "6007686db73e0f1aa1cc8f62"
  },
  "id": 247,
  "author": "mryeti",
  "title": "Articolone",
  "body": "Ah incredibile",
  "timestamp": "2021-01-20 00:17:01.256",
  "num_likes": 39,
  "num_dislikes": 33,
  "num_comments": 100,
  "games": [
    "Saline",
    "Who Stole Ed's Pants"
  ]
},{
  "_id": {
    "$oid": "60076871b73e0f1aa1cc8f63"
  },
  "id": 249,
  "author": "markie816",
  "title": "Che ne pensate?",
  "body": "Che fate?",
  "timestamp": "2021-01-20 00:17:05.351",
  "num_likes": 14,
  "num_dislikes": 13,
  "num_comments": 100,
  "games": [
    "BLOCKCHAIN: The Cryptocurrency Game",
    "Brouhaha"
  ]
},{
  "_id": {
    "$oid": "60076874b73e0f1aa1cc8f64"
  },
  "id": 251,
  "author": "spikestarkey",
  "title": "Abbiamo provato il gioco",
  "body": "Tutto bene?",
  "timestamp": "2021-01-20 00:17:08.441",
  "num_likes": 87,
  "num_dislikes": 20,
  "num_comments": 100,
  "games": [
    "Lilla Miljöspelet",
    "Krypto"
  ]
},{
  "_id": {
    "$oid": "60076879b73e0f1aa1cc8f65"
  },
  "id": 253,
  "author": "mdhh123",
  "title": "Articolino",
  "body": "Ah davvero",
  "timestamp": "2021-01-20 00:17:13.254",
  "num_likes": 13,
  "num_dislikes": 19,
  "num_comments": 100,
  "games": [
    "Vampire der Nacht",
    "Zombie Slayer"
  ]
},{
  "_id": {
    "$oid": "6007687cb73e0f1aa1cc8f66"
  },
  "id": 255,
  "author": "jgspain",
  "title": "Titolo",
  "body": "Ah davvero",
  "timestamp": "2021-01-20 00:17:16.382",
  "num_likes": 99,
  "num_dislikes": 19,
  "num_comments": 100,
  "games": [
    "Player of the Game Basketball",
    "Mesozoic Tales: the board game"
  ]
},{
  "_id": {
    "$oid": "60076881b73e0f1aa1cc8f67"
  },
  "id": 257,
  "author": "lootinglacie",
  "title": "Che articolo",
  "body": "Ci siete?",
  "timestamp": "2021-01-20 00:17:21.912",
  "num_likes": 27,
  "num_dislikes": 46,
  "num_comments": 100,
  "games": [
    "Monster Problemen",
    "Die Druiden"
  ]
},{
  "_id": {
    "$oid": "60076886b73e0f1aa1cc8f68"
  },
  "id": 259,
  "author": "crashfried",
  "title": "Che idea ma quale idea",
  "body": "Che fate?",
  "timestamp": "2021-01-20 00:17:26.015",
  "num_likes": 8,
  "num_dislikes": 22,
  "num_comments": 100,
  "games": [
    "Flight",
    "Dice Games Properly Explained"
  ]
},{
  "_id": {
    "$oid": "60076889b73e0f1aa1cc8f69"
  },
  "id": 261,
  "author": "robbr",
  "title": "Articolo",
  "body": "Sono ioo",
  "timestamp": "2021-01-20 00:17:29.113",
  "num_likes": 11,
  "num_dislikes": 9,
  "num_comments": 100,
  "games": [
    "Hedbanz für Kids",
    "Yachimata Cube"
  ]
},{
  "_id": {
    "$oid": "6007688bb73e0f1aa1cc8f6a"
  },
  "id": 263,
  "author": "mrdissing",
  "title": "Confrontro tra i due",
  "body": "Post",
  "timestamp": "2021-01-20 00:17:31.964",
  "num_likes": 5,
  "num_dislikes": 21,
  "num_comments": 100,
  "games": [
    "Three Famous Battles",
    "Funkenschlag - Erweiterung Russland/Japan"
  ]
},{
  "_id": {
    "$oid": "6007688eb73e0f1aa1cc8f6b"
  },
  "id": 265,
  "author": "michalp",
  "title": "Che idea ma quale idea",
  "body": "Sono ioo",
  "timestamp": "2021-01-20 00:17:34.938",
  "num_likes": 3,
  "num_dislikes": 65,
  "num_comments": 100,
  "games": [
    "Character Quest: Heroes The Card Game – Game Pack #1: King's Guard",
    "Elite: Dangerous Battle Cards"
  ]
},{
  "_id": {
    "$oid": "60076893b73e0f1aa1cc8f6c"
  },
  "id": 267,
  "author": "deev",
  "title": "Articolone",
  "body": "Tutto bene?",
  "timestamp": "2021-01-20 00:17:39.274",
  "num_likes": 58,
  "num_dislikes": 69,
  "num_comments": 100,
  "games": [
    "Zucchini",
    "Delta Force: America's New Heroes"
  ]
},{
  "_id": {
    "$oid": "60076898b73e0f1aa1cc8f6d"
  },
  "id": 269,
  "author": "echodelta",
  "title": "Che articolo",
  "body": "Ci siete?",
  "timestamp": "2021-01-20 00:17:44.699",
  "num_likes": 2,
  "num_dislikes": 48,
  "num_comments": 100,
  "games": [
    "Fading Suns",
    "The Good, the Bad, and the Munchkin"
  ]
},{
  "_id": {
    "$oid": "6007689cb73e0f1aa1cc8f6e"
  },
  "id": 271,
  "author": "grumpyloompa",
  "title": "Articolo",
  "body": "Ci siete?",
  "timestamp": "2021-01-20 00:17:48.266",
  "num_likes": 28,
  "num_dislikes": 11,
  "num_comments": 100,
  "games": [
    "Federation & Empire",
    "Teddy Schlabbermaul"
  ]
},{
  "_id": {
    "$oid": "6007689fb73e0f1aa1cc8f6f"
  },
  "id": 273,
  "author": "mryeti",
  "title": "Confrontro tra i due",
  "body": "Ci siete?",
  "timestamp": "2021-01-20 00:17:51.562",
  "num_likes": 77,
  "num_dislikes": 39,
  "num_comments": 100,
  "games": [
    "Stargate",
    "These Fields of Blood: Wargaming the American Civil War"
  ]
},{
  "_id": {
    "$oid": "600768a4b73e0f1aa1cc8f70"
  },
  "id": 275,
  "author": "camulonus",
  "title": "Titolo",
  "body": "Sono ioo",
  "timestamp": "2021-01-20 00:17:56.796",
  "num_likes": 13,
  "num_dislikes": 3,
  "num_comments": 100,
  "games": [
    "Uptown",
    "Crab Dash"
  ]
},{
  "_id": {
    "$oid": "600768a7b73e0f1aa1cc8f71"
  },
  "id": 277,
  "author": "ontalexandr",
  "title": "Sapete che..",
  "body": "Ah incredibile",
  "timestamp": "2021-01-20 00:17:59.618",
  "num_likes": 31,
  "num_dislikes": 66,
  "num_comments": 100,
  "games": [
    "Buchstaben-Suppe",
    "Campaign for President"
  ]
},{
  "_id": {
    "$oid": "600768acb73e0f1aa1cc8f72"
  },
  "id": 279,
  "author": "jessiekettner",
  "title": "Titolo",
  "body": "Tutto bene?",
  "timestamp": "2021-01-20 00:18:04.304",
  "num_likes": 38,
  "num_dislikes": 10,
  "num_comments": 100,
  "games": [
    "Flohmarkt",
    "Sherlock Holmes: Enquêtes internationales"
  ]
},{
  "_id": {
    "$oid": "600768afb73e0f1aa1cc8f73"
  },
  "id": 281,
  "author": "2898000632",
  "title": "Articolone",
  "body": "Sono ioo",
  "timestamp": "2021-01-20 00:18:07.839",
  "num_likes": 49,
  "num_dislikes": 68,
  "num_comments": 100,
  "games": [
    "MonStars",
    "Boarding Party"
  ]
},{
  "_id": {
    "$oid": "600768b5b73e0f1aa1cc8f74"
  },
  "id": 283,
  "author": "guyver5293",
  "title": "Titolo",
  "body": "Sono ioo",
  "timestamp": "2021-01-20 00:18:13.001",
  "num_likes": 5,
  "num_dislikes": 38,
  "num_comments": 100,
  "games": [
    "Tactic Blue",
    "Clash of Cultures: Civilizations"
  ]
},{
  "_id": {
    "$oid": "600768b8b73e0f1aa1cc8f75"
  },
  "id": 285,
  "author": "intim",
  "title": "Confrontro tra i due",
  "body": "Che fate?",
  "timestamp": "2021-01-20 00:18:16.391",
  "num_likes": 43,
  "num_dislikes": 41,
  "num_comments": 100,
  "games": [
    "Genius Loci",
    "Le zug"
  ]
},{
  "_id": {
    "$oid": "600768bcb73e0f1aa1cc8f76"
  },
  "id": 287,
  "author": "accomman",
  "title": "Titolo",
  "body": "Ah incredibile",
  "timestamp": "2021-01-20 00:18:20.906",
  "num_likes": 12,
  "num_dislikes": 44,
  "num_comments": 100,
  "games": [
    "Conocer Europa",
    "Night of the Saucers"
  ]
},{
  "_id": {
    "$oid": "600768c0b73e0f1aa1cc8f77"
  },
  "id": 289,
  "author": "mryeti",
  "title": "Titolo",
  "body": "Che fate?",
  "timestamp": "2021-01-20 00:18:24.658",
  "num_likes": 95,
  "num_dislikes": 35,
  "num_comments": 100,
  "games": [
    "Promethean Wars",
    "Army Air Corps"
  ]
},{
  "_id": {
    "$oid": "600768c6b73e0f1aa1cc8f78"
  },
  "id": 291,
  "author": "intim",
  "title": "Sapete che..",
  "body": "Ah incredibile",
  "timestamp": "2021-01-20 00:18:30.149",
  "num_likes": 58,
  "num_dislikes": 9,
  "num_comments": 100,
  "games": [
    "Toppo",
    "Thunderbirds: Mission Alert Game"
  ]
},{
  "_id": {
    "$oid": "600768cab73e0f1aa1cc8f79"
  },
  "id": 293,
  "author": "zeronimot",
  "title": "Che idea ma quale idea",
  "body": "Ah davvero",
  "timestamp": "2021-01-20 00:18:34.576",
  "num_likes": 44,
  "num_dislikes": 43,
  "num_comments": 100,
  "games": [
    "CubiCup",
    "Duelo Primigenio: The Rainbow Shoushiling Cards Project"
  ]
},{
  "_id": {
    "$oid": "600768cfb73e0f1aa1cc8f7a"
  },
  "id": 295,
  "author": "camulonus",
  "title": "Che idea ma quale idea",
  "body": "Che fate?",
  "timestamp": "2021-01-20 00:18:39.36",
  "num_likes": 58,
  "num_dislikes": 22,
  "num_comments": 100,
  "games": [
    "Elfenwizards",
    "Vapen och Rustningar"
  ]
},{
  "_id": {
    "$oid": "600768d3b73e0f1aa1cc8f7b"
  },
  "id": 297,
  "author": "mynyster",
  "title": "Articolone",
  "body": "Tutto bene?",
  "timestamp": "2021-01-20 00:18:43.648",
  "num_likes": 81,
  "num_dislikes": 63,
  "num_comments": 100,
  "games": [
    "LG TACTICS",
    "CoMotion: The Competitive Game of Communicative Gestures"
  ]
},{
  "_id": {
    "$oid": "600768d9b73e0f1aa1cc8f7c"
  },
  "id": 299,
  "author": "daniel_ms",
  "title": "Che ne pensate?",
  "body": "Post",
  "timestamp": "2021-01-20 00:18:49.456",
  "num_likes": 47,
  "num_dislikes": 3,
  "num_comments": 100,
  "games": [
    "O Castelo de S. Jorge",
    "Carson City: The Card Game"
  ]
},{
  "_id": {
    "$oid": "600768dcb73e0f1aa1cc8f7d"
  },
  "id": 301,
  "author": "lootinglacie",
  "title": "",
  "body": "Sono ioo",
  "timestamp": "2021-01-20 00:18:52.948",
  "num_likes": 55,
  "num_dislikes": 61,
  "num_comments": 100,
  "games": [
    "Planet Der Sinne - Sehen",
    "Age of Steam Map Austria"
  ]
},{
  "_id": {
    "$oid": "600768e2b73e0f1aa1cc8f7e"
  },
  "id": 303,
  "author": "azaron",
  "title": "Articolino",
  "body": "Ah incredibile",
  "timestamp": "2021-01-20 00:18:58.357",
  "num_likes": 47,
  "num_dislikes": 61,
  "num_comments": 100,
  "games": [
    "Domitrio",
    "Attack! Deluxe"
  ]
},{
  "_id": {
    "$oid": "600768e7b73e0f1aa1cc8f7f"
  },
  "id": 305,
  "author": "alxin",
  "title": "Che idea ma quale idea",
  "body": "Tutto bene?",
  "timestamp": "2021-01-20 00:19:03.316",
  "num_likes": 86,
  "num_dislikes": 42,
  "num_comments": 100,
  "games": [
    "Urknall 24",
    "Dragoborne: Rise to Supremacy"
  ]
},{
  "_id": {
    "$oid": "600768ecb73e0f1aa1cc8f80"
  },
  "id": 307,
  "author": "bumblebee85",
  "title": "Confrontro tra i due",
  "body": "Ci siete?",
  "timestamp": "2021-01-20 00:19:08.742",
  "num_likes": 25,
  "num_dislikes": 53,
  "num_comments": 100,
  "games": [
    "Hi-Ho! Gator Race",
    "Waldgärtner"
  ]
},{
  "_id": {
    "$oid": "600768f1b73e0f1aa1cc8f81"
  },
  "id": 309,
  "author": "bjcoe",
  "title": "Titolo",
  "body": "Ah davvero",
  "timestamp": "2021-01-20 00:19:13.087",
  "num_likes": 65,
  "num_dislikes": 64,
  "num_comments": 100,
  "games": [
    "Hornet Leader",
    "24 Game Primer Add/Subtract"
  ]
},{
  "_id": {
    "$oid": "600768f6b73e0f1aa1cc8f82"
  },
  "id": 311,
  "author": "tvaru",
  "title": "Articolino",
  "body": "Ah davvero",
  "timestamp": "2021-01-20 00:19:18.711",
  "num_likes": 87,
  "num_dislikes": 60,
  "num_comments": 100,
  "games": [
    "Rubik's Dice",
    "Elefantastico"
  ]
},{
  "_id": {
    "$oid": "600768fcb73e0f1aa1cc8f83"
  },
  "id": 313,
  "author": "stroge",
  "title": "Confrontro tra i due",
  "body": "Ci siete?",
  "timestamp": "2021-01-20 00:19:24.675",
  "num_likes": 27,
  "num_dislikes": 34,
  "num_comments": 100,
  "games": [
    "Sternenschweif - Der steinerne Spiegel",
    "Flinke Feger"
  ]
},{
  "_id": {
    "$oid": "60076900b73e0f1aa1cc8f84"
  },
  "id": 315,
  "author": "physys",
  "title": "Che idea ma quale idea",
  "body": "Post",
  "timestamp": "2021-01-20 00:19:28.619",
  "num_likes": 17,
  "num_dislikes": 13,
  "num_comments": 100,
  "games": [
    "Pasapalabra Junior",
    "Jumble"
  ]
},{
  "_id": {
    "$oid": "60076903b73e0f1aa1cc8f85"
  },
  "id": 317,
  "author": "camulonus",
  "title": "Articolone",
  "body": "Tutto bene?",
  "timestamp": "2021-01-20 00:19:31.701",
  "num_likes": 44,
  "num_dislikes": 60,
  "num_comments": 100,
  "games": [
    "Bardagi: The Claim for Gold",
    "Lilly's Purple Plastic Purse"
  ]
},{
  "_id": {
    "$oid": "60076908b73e0f1aa1cc8f86"
  },
  "id": 319,
  "author": "bert8freudenkinder",
  "title": "Titolo",
  "body": "Che fate?",
  "timestamp": "2021-01-20 00:19:36.577",
  "num_likes": 42,
  "num_dislikes": 3,
  "num_comments": 100,
  "games": [
    "Über den Wolken",
    "Dead Reckoning"
  ]
},{
  "_id": {
    "$oid": "6007690cb73e0f1aa1cc8f87"
  },
  "id": 321,
  "author": "csrghost",
  "title": "Che ne pensate?",
  "body": "Ah davvero",
  "timestamp": "2021-01-20 00:19:40.149",
  "num_likes": 100,
  "num_dislikes": 32,
  "num_comments": 100,
  "games": [
    "Kaboom!",
    "Bezzerwizzer Kompakt"
  ]
},{
  "_id": {
    "$oid": "60076911b73e0f1aa1cc8f88"
  },
  "id": 323,
  "author": "originalcandc",
  "title": "Scontro tra titani",
  "body": "Tutto bene?",
  "timestamp": "2021-01-20 00:19:45.587",
  "num_likes": 27,
  "num_dislikes": 24,
  "num_comments": 100,
  "games": [
    "La Gloire 1689-1763",
    "300 Pop Questions: 60's"
  ]
},{
  "_id": {
    "$oid": "60076915b73e0f1aa1cc8f89"
  },
  "id": 325,
  "author": "martymagnificent",
  "title": "",
  "body": "Ah incredibile",
  "timestamp": "2021-01-20 00:19:49.186",
  "num_likes": 5,
  "num_dislikes": 6,
  "num_comments": 100,
  "games": [
    "Hattu Möhrchen?",
    "Trivial Pursuit: National Parks Travel Edition"
  ]
},{
  "_id": {
    "$oid": "60076917b73e0f1aa1cc8f8a"
  },
  "id": 327,
  "author": "christopherdias",
  "title": "Articolino",
  "body": "Ah davvero",
  "timestamp": "2021-01-20 00:19:51.796",
  "num_likes": 1,
  "num_dislikes": 3,
  "num_comments": 100,
  "games": [
    "Heroes & Hordes",
    "Synergo"
  ]
},{
  "_id": {
    "$oid": "6007691ab73e0f1aa1cc8f8b"
  },
  "id": 329,
  "author": "gruulz",
  "title": "",
  "body": "Che fate?",
  "timestamp": "2021-01-20 00:19:54.221",
  "num_likes": 44,
  "num_dislikes": 67,
  "num_comments": 100,
  "games": [
    "Gogo CHALLENGE: Round 02",
    "Libero"
  ]
},{
  "_id": {
    "$oid": "6007691fb73e0f1aa1cc8f8c"
  },
  "id": 331,
  "author": "janii",
  "title": "Articolo",
  "body": "Che fate?",
  "timestamp": "2021-01-20 00:19:59.704",
  "num_likes": 79,
  "num_dislikes": 61,
  "num_comments": 100,
  "games": [
    "Cars: Radiator Springs Rallye",
    "Sì, Oscuro Signore! (Seconda edizione)"
  ]
},{
  "_id": {
    "$oid": "60076925b73e0f1aa1cc8f8d"
  },
  "id": 333,
  "author": "garfieldcut",
  "title": "Che idea ma quale idea",
  "body": "Ah davvero",
  "timestamp": "2021-01-20 00:20:05.316",
  "num_likes": 90,
  "num_dislikes": 47,
  "num_comments": 100,
  "games": [
    "Ultimate Soldier Reloaded",
    "Elfenkinder"
  ]
},{
  "_id": {
    "$oid": "6007692ab73e0f1aa1cc8f8e"
  },
  "id": 335,
  "author": "protect3f",
  "title": "Che articolo",
  "body": "Ci siete?",
  "timestamp": "2021-01-20 00:20:10.867",
  "num_likes": 81,
  "num_dislikes": 61,
  "num_comments": 100,
  "games": [
    "Fantasy Ranch",
    "Hessen Quiz"
  ]
},{
  "_id": {
    "$oid": "60076930b73e0f1aa1cc8f8f"
  },
  "id": 337,
  "author": "jennifer0923",
  "title": "Titolo",
  "body": "Che fate?",
  "timestamp": "2021-01-20 00:20:16.671",
  "num_likes": 47,
  "num_dislikes": 14,
  "num_comments": 100,
  "games": [
    "Team Zodiac",
    "Major's Raiders"
  ]
},{
  "_id": {
    "$oid": "60076934b73e0f1aa1cc8f90"
  },
  "id": 339,
  "author": "davidbatmen",
  "title": "Sapete che..",
  "body": "Sono ioo",
  "timestamp": "2021-01-20 00:20:20.712",
  "num_likes": 26,
  "num_dislikes": 60,
  "num_comments": 100,
  "games": [
    "Omen",
    "5 Seconds"
  ]
},{
  "_id": {
    "$oid": "60076939b73e0f1aa1cc8f91"
  },
  "id": 341,
  "author": "red__rose",
  "title": "Sapete che..",
  "body": "Post",
  "timestamp": "2021-01-20 00:20:25.153",
  "num_likes": 13,
  "num_dislikes": 1,
  "num_comments": 100,
  "games": [
    "Rolaweel Three in One",
    "Fall of South Vietnam"
  ]
},{
  "_id": {
    "$oid": "6007693bb73e0f1aa1cc8f92"
  },
  "id": 343,
  "author": "hatori1181",
  "title": "Che articolo",
  "body": "Che fate?",
  "timestamp": "2021-01-20 00:20:27.815",
  "num_likes": 51,
  "num_dislikes": 66,
  "num_comments": 100,
  "games": [
    "DHL Worldwide Express Game",
    "Tarralan's Traumland"
  ]
},{
  "_id": {
    "$oid": "60076940b73e0f1aa1cc8f93"
  },
  "id": 345,
  "author": "jo_98",
  "title": "Abbiamo provato il gioco",
  "body": "Post",
  "timestamp": "2021-01-20 00:20:32.971",
  "num_likes": 28,
  "num_dislikes": 14,
  "num_comments": 100,
  "games": [
    "Hole of DOOM!!!",
    "Great Shakespearean Deaths: Card Game"
  ]
},{
  "_id": {
    "$oid": "60076944b73e0f1aa1cc8f94"
  },
  "id": 347,
  "author": "danish_habib",
  "title": "Che ne pensate?",
  "body": "Ah incredibile",
  "timestamp": "2021-01-20 00:20:36.32",
  "num_likes": 64,
  "num_dislikes": 18,
  "num_comments": 100,
  "games": [
    "Up to date",
    "Flipped Off!"
  ]
},{
  "_id": {
    "$oid": "60076948b73e0f1aa1cc8f95"
  },
  "id": 349,
  "author": "sliyan",
  "title": "Articolino",
  "body": "Tutto bene?",
  "timestamp": "2021-01-20 00:20:40.825",
  "num_likes": 87,
  "num_dislikes": 29,
  "num_comments": 100,
  "games": [
    "Four Humours",
    "Batalha de Sao Borja"
  ]
},{
  "_id": {
    "$oid": "6007694db73e0f1aa1cc8f96"
  },
  "id": 351,
  "author": "pinnacle_ent_group",
  "title": "Articolo",
  "body": "Tutto bene?",
  "timestamp": "2021-01-20 00:20:45.922",
  "num_likes": 23,
  "num_dislikes": 62,
  "num_comments": 100,
  "games": [
    "Corteo",
    "Monster 12"
  ]
},{
  "_id": {
    "$oid": "60076952b73e0f1aa1cc8f97"
  },
  "id": 353,
  "author": "davidbatmen",
  "title": "Articolo",
  "body": "Sono ioo",
  "timestamp": "2021-01-20 00:20:50.339",
  "num_likes": 29,
  "num_dislikes": 37,
  "num_comments": 100,
  "games": [
    "Tangram Fury",
    "Disney Pictionary"
  ]
},{
  "_id": {
    "$oid": "60076956b73e0f1aa1cc8f98"
  },
  "id": 355,
  "author": "jaysachs",
  "title": "Articolo",
  "body": "Ah davvero",
  "timestamp": "2021-01-20 00:20:54.335",
  "num_likes": 73,
  "num_dislikes": 45,
  "num_comments": 100,
  "games": [
    "A Fire Bell in the Night: Brigade Level Miniature Rules for the War Between the States",
    "Fox in the Henhouse"
  ]
},{
  "_id": {
    "$oid": "6007695bb73e0f1aa1cc8f99"
  },
  "id": 357,
  "author": "sliyan",
  "title": "Articolone",
  "body": "Che fate?",
  "timestamp": "2021-01-20 00:20:59.665",
  "num_likes": 38,
  "num_dislikes": 33,
  "num_comments": 100,
  "games": [
    "Tugs",
    "Cassette Juego: Caza del Oso"
  ]
},{
  "_id": {
    "$oid": "6007695fb73e0f1aa1cc8f9a"
  },
  "id": 359,
  "author": "wizzy parkerir",
  "title": "Confrontro tra i due",
  "body": "Ah davvero",
  "timestamp": "2021-01-20 00:21:03.764",
  "num_likes": 90,
  "num_dislikes": 14,
  "num_comments": 100,
  "games": [
    "Democratyk",
    "Connect 4 Cut The Rope"
  ]
},{
  "_id": {
    "$oid": "60076964b73e0f1aa1cc8f9b"
  },
  "id": 361,
  "author": "physys",
  "title": "Che idea ma quale idea",
  "body": "Che fate?",
  "timestamp": "2021-01-20 00:21:08.586",
  "num_likes": 84,
  "num_dislikes": 24,
  "num_comments": 100,
  "games": [
    "MINOPOLY",
    "Computer Horseracing"
  ]
},{
  "_id": {
    "$oid": "60076969b73e0f1aa1cc8f9c"
  },
  "id": 363,
  "author": "christopherdias",
  "title": "Che idea ma quale idea",
  "body": "Tutto bene?",
  "timestamp": "2021-01-20 00:21:13.52",
  "num_likes": 66,
  "num_dislikes": 3,
  "num_comments": 100,
  "games": [
    "Wipe Off Target Game",
    "Azrah: War of Heralds"
  ]
},{
  "_id": {
    "$oid": "6007696db73e0f1aa1cc8f9d"
  },
  "id": 365,
  "author": "xahfar",
  "title": "Articolo",
  "body": "Tutto bene?",
  "timestamp": "2021-01-20 00:21:17.996",
  "num_likes": 8,
  "num_dislikes": 29,
  "num_comments": 100,
  "games": [
    "1840: Vienna Tramways",
    "Hexennacht"
  ]
},{
  "_id": {
    "$oid": "60076971b73e0f1aa1cc8f9e"
  },
  "id": 367,
  "author": "till engel",
  "title": "Abbiamo provato il gioco",
  "body": "Che fate?",
  "timestamp": "2021-01-20 00:21:21.223",
  "num_likes": 2,
  "num_dislikes": 24,
  "num_comments": 100,
  "games": [
    "Olympia",
    "7 Sign Circle"
  ]
},{
  "_id": {
    "$oid": "60076974b73e0f1aa1cc8f9f"
  },
  "id": 369,
  "author": "stroge",
  "title": "Abbiamo provato il gioco",
  "body": "Sono ioo",
  "timestamp": "2021-01-20 00:21:24.243",
  "num_likes": 9,
  "num_dislikes": 49,
  "num_comments": 100,
  "games": [
    "Bärenmarke Alpenspiel",
    "SpeeDeck"
  ]
},{
  "_id": {
    "$oid": "60076978b73e0f1aa1cc8fa0"
  },
  "id": 371,
  "author": "prydain",
  "title": "Titolo",
  "body": "Che fate?",
  "timestamp": "2021-01-20 00:21:28.018",
  "num_likes": 22,
  "num_dislikes": 66,
  "num_comments": 100,
  "games": [
    "Viva Niku",
    "Noisy Neighbors"
  ]
},{
  "_id": {
    "$oid": "6007697cb73e0f1aa1cc8fa1"
  },
  "id": 373,
  "author": "stroge",
  "title": "Articolino",
  "body": "Ah incredibile",
  "timestamp": "2021-01-20 00:21:32.517",
  "num_likes": 51,
  "num_dislikes": 69,
  "num_comments": 100,
  "games": [
    "狩猟の時代 (Shuryou no Jidai)",
    "Delve"
  ]
},{
  "_id": {
    "$oid": "60076982b73e0f1aa1cc8fa2"
  },
  "id": 375,
  "author": "johnnydarko4550",
  "title": "Articolo",
  "body": "Post",
  "timestamp": "2021-01-20 00:21:38.03",
  "num_likes": 37,
  "num_dislikes": 12,
  "num_comments": 100,
  "games": [
    "Pirate Code",
    "Mano-a-Mano: A Rowdy Time in the Old West"
  ]
},{
  "_id": {
    "$oid": "60076985b73e0f1aa1cc8fa3"
  },
  "id": 377,
  "author": "protect3f",
  "title": "Che ne pensate?",
  "body": "Sono ioo",
  "timestamp": "2021-01-20 00:21:41.54",
  "num_likes": 19,
  "num_dislikes": 16,
  "num_comments": 100,
  "games": [
    "Privé de sens",
    "1914"
  ]
},{
  "_id": {
    "$oid": "60076988b73e0f1aa1cc8fa4"
  },
  "id": 379,
  "author": "piroc ivanovich",
  "title": "Articolino",
  "body": "Ah davvero",
  "timestamp": "2021-01-20 00:21:44.747",
  "num_likes": 80,
  "num_dislikes": 25,
  "num_comments": 100,
  "games": [
    "Table Air Combat: Ju-87B Stuka",
    "Crude"
  ]
},{
  "_id": {
    "$oid": "6007698db73e0f1aa1cc8fa5"
  },
  "id": 381,
  "author": "lootinglacie",
  "title": "Che idea ma quale idea",
  "body": "Tutto bene?",
  "timestamp": "2021-01-20 00:21:49.593",
  "num_likes": 90,
  "num_dislikes": 40,
  "num_comments": 100,
  "games": [
    "Der Alchimist",
    "Mini Senso"
  ]
},{
  "_id": {
    "$oid": "60076993b73e0f1aa1cc8fa6"
  },
  "id": 383,
  "author": "wizzy parkerir",
  "title": "Sapete che..",
  "body": "Ah incredibile",
  "timestamp": "2021-01-20 00:21:55.101",
  "num_likes": 94,
  "num_dislikes": 46,
  "num_comments": 100,
  "games": [
    "My Little Castle",
    "Tornado Chasers"
  ]
},{
  "_id": {
    "$oid": "60076999b73e0f1aa1cc8fa7"
  },
  "id": 385,
  "author": "goleen83",
  "title": "Abbiamo provato il gioco",
  "body": "Ah incredibile",
  "timestamp": "2021-01-20 00:22:01.088",
  "num_likes": 71,
  "num_dislikes": 59,
  "num_comments": 100,
  "games": [
    "Monroviaopoly",
    "Election 2012: Romney vs. Obama"
  ]
},{
  "_id": {
    "$oid": "6007699eb73e0f1aa1cc8fa8"
  },
  "id": 387,
  "author": "detter1",
  "title": "",
  "body": "Ah davvero",
  "timestamp": "2021-01-20 00:22:06.594",
  "num_likes": 22,
  "num_dislikes": 29,
  "num_comments": 100,
  "games": [
    "Biatlon",
    "Speed"
  ]
},{
  "_id": {
    "$oid": "600769a2b73e0f1aa1cc8fa9"
  },
  "id": 389,
  "author": "standers",
  "title": "Che idea ma quale idea",
  "body": "Che fate?",
  "timestamp": "2021-01-20 00:22:10.162",
  "num_likes": 99,
  "num_dislikes": 19,
  "num_comments": 100,
  "games": [
    "Motorradfahrt durch Deutschland",
    "Wilde Horde"
  ]
},{
  "_id": {
    "$oid": "600769a7b73e0f1aa1cc8faa"
  },
  "id": 391,
  "author": "robbr",
  "title": "Titolo",
  "body": "Ah incredibile",
  "timestamp": "2021-01-20 00:22:15.339",
  "num_likes": 23,
  "num_dislikes": 68,
  "num_comments": 100,
  "games": [
    "Roll On!",
    "Ryuuki no Toga"
  ]
},{
  "_id": {
    "$oid": "600769acb73e0f1aa1cc8fab"
  },
  "id": 393,
  "author": "kirklandchewables",
  "title": "Titolo",
  "body": "Che fate?",
  "timestamp": "2021-01-20 00:22:20.11",
  "num_likes": 20,
  "num_dislikes": 34,
  "num_comments": 100,
  "games": [
    "Room on the Broom: Dragon Chase",
    "Chefarzt Doktor Bibber"
  ]
},{
  "_id": {
    "$oid": "600769afb73e0f1aa1cc8fac"
  },
  "id": 395,
  "author": "kiwijinshi",
  "title": "Sapete che..",
  "body": "Ci siete?",
  "timestamp": "2021-01-20 00:22:23.775",
  "num_likes": 36,
  "num_dislikes": 42,
  "num_comments": 100,
  "games": [
    "Big Town: News Reporting and Printing Game",
    "Car Travel Game"
  ]
},{
  "_id": {
    "$oid": "600769b4b73e0f1aa1cc8fad"
  },
  "id": 397,
  "author": "gruulz",
  "title": "Confrontro tra i due",
  "body": "Ci siete?",
  "timestamp": "2021-01-20 00:22:28.044",
  "num_likes": 42,
  "num_dislikes": 26,
  "num_comments": 100,
  "games": [
    "Monopoly: MTG",
    "Escape from the Titanic"
  ]
},{
  "_id": {
    "$oid": "600769b8b73e0f1aa1cc8fae"
  },
  "id": 399,
  "author": "rev618",
  "title": "Titolo",
  "body": "Ah incredibile",
  "timestamp": "2021-01-20 00:22:32.004",
  "num_likes": 72,
  "num_dislikes": 69,
  "num_comments": 100,
  "games": [
    "Just Wait",
    "Birth of a Nation"
  ]
}]
